{
  "Key.esc": {
    "x": 0.0625,
    "y": 0.15416666666666667
  },
  "1": {
    "x": 0.1828125,
    "y": 0.15
  },
  "2": {
    "x": 0.1875,
    "y": 0.2708333333333333
  },
  "3": {
    "x": 0.2625,
    "y": 0.26458333333333334
  },
  "4": {
    "x": 0.3140625,
    "y": 0.27291666666666664
  },
  "5": {
    "x": 0.38125,
    "y": 0.2708333333333333
  },
  "6": {
    "x": 0.4515625,
    "y": 0.26458333333333334
  },
  "7": {
    "x": 0.5171875,
    "y": 0.26458333333333334
  },
  "8": {
    "x": 0.575,
    "y": 0.26458333333333334
  },
  "9": {
    "x": 0.6453125,
    "y": 0.2708333333333333
  },
  "0": {
    "x": 0.7078125,
    "y": 0.26875
  },
  "-": {
    "x": 0.7625,
    "y": 0.26875
  },
  "^": {
    "x": 0.8328125,
    "y": 0.275
  },
  "]": {
    "x": 0.8859375,
    "y": 0.27291666666666664
  },
  "Key.tab": {
    "x": 0.0859375,
    "y": 0.35208333333333336
  },
  "q": {
    "x": 0.1609375,
    "y": 0.35
  },
  "w": {
    "x": 0.23125,
    "y": 0.34791666666666665
  },
  "e": {
    "x": 0.284375,
    "y": 0.34791666666666665
  },
  "r": {
    "x": 0.3515625,
    "y": 0.34375
  },
  "t": {
    "x": 0.4171875,
    "y": 0.34375
  },
  "y": {
    "x": 0.484375,
    "y": 0.3541666666666667
  },
  "u": {
    "x": 0.559375,
    "y": 0.35
  },
  "i": {
    "x": 0.6078125,
    "y": 0.35
  },
  "o": {
    "x": 0.6703125,
    "y": 0.35
  },
  "p": {
    "x": 0.7453125,
    "y": 0.3541666666666667
  },
  "@": {
    "x": 0.796875,
    "y": 0.36041666666666666
  },
  "[": {
    "x": 0.859375,
    "y": 0.34375
  },
  "Key.backspace": {
    "x": 0.953125,
    "y": 0.26666666666666666
  },
  "Key.ctrl_l": {
    "x": 0.0703125,
    "y": 0.6145833333333334
  },
  "a": {
    "x": 0.190625,
    "y": 0.425
  },
  "s": {
    "x": 0.2578125,
    "y": 0.4270833333333333
  },
  "d": {
    "x": 0.296875,
    "y": 0.4270833333333333
  },
  "f": {
    "x": 0.38125,
    "y": 0.4270833333333333
  },
  "g": {
    "x": 0.4390625,
    "y": 0.42916666666666664
  },
  "h": {
    "x": 0.490625,
    "y": 0.43125
  },
  "j": {
    "x": 0.565625,
    "y": 0.4354166666666667
  },
  "k": {
    "x": 0.63125,
    "y": 0.4375
  },
  "l": {
    "x": 0.690625,
    "y": 0.44166666666666665
  },
  ";": {
    "x": 0.746875,
    "y": 0.4395833333333333
  },
  ":": {
    "x": 0.8078125,
    "y": 0.4375
  },
  "Key.enter": {
    "x": 0.95,
    "y": 0.39166666666666666
  },
  "Key.shift": {
    "x": 0.10625,
    "y": 0.525
  },
  "z": {
    "x": 0.2078125,
    "y": 0.5166666666666667
  },
  "x": {
    "x": 0.2796875,
    "y": 0.5166666666666667
  },
  "c": {
    "x": 0.3453125,
    "y": 0.5104166666666666
  },
  "v": {
    "x": 0.390625,
    "y": 0.5125
  },
  "b": {
    "x": 0.46875,
    "y": 0.51875
  },
  "n": {
    "x": 0.5375,
    "y": 0.5208333333333334
  },
  "m": {
    "x": 0.603125,
    "y": 0.5208333333333334
  },
  ",": {
    "x": 0.6546875,
    "y": 0.5229166666666667
  },
  ".": {
    "x": 0.7140625,
    "y": 0.51875
  },
  "/": {
    "x": 0.7703125,
    "y": 0.5270833333333333
  },
  "Key.shift_r": {
    "x": 0.9328125,
    "y": 0.51875
  },
  "Key.alt_l": {
    "x": 0.2390625,
    "y": 0.6041666666666666
  },
  "Key.cmd": {
    "x": 0.15625,
    "y": 0.6083333333333333
  },
  "Key.space": {
    "x": 0.4109375,
    "y": 0.6104166666666667
  },
  "Key.cmd_r": {
    "x": 0.7984375,
    "y": 0.6083333333333333
  },
  "Key.alt_gr": {
    "x": 0.7,
    "y": 0.6104166666666667
  }
}